<application>
  <component name="NotificationConfiguration">
    <notification groupId="Android XML code style notification" displayType="NONE" shouldLog="false" />
    <notification groupId="C/C++ plugin" displayType="NONE" shouldLog="false" />
    <notification groupId="Framework Detection" displayType="NONE" shouldLog="false" />
    <notification groupId="Module Manager" displayType="NONE" />
    <notification groupId="Pipfile Watcher" displayType="STICKY_BALLOON" />
    <notification groupId="Python Scientific View Advertiser" displayType="NONE" shouldLog="false" />
  </component>
</application>