<application>
  <component name="ParameterNameHintsSettings">
    <blacklists>
      <blacklist language="TypeScript" />
      <blacklist language="Java">
        <added pattern="android.content.Intent.putExtra(name,value)" />
        <added pattern="android.os.Handler.postDelayed(r,delayMillis)" />
        <added pattern="VendingMachine.insertMoney(amount)" />
        <added pattern="VendingMachine.VendingMachine(price)" />
        <added pattern="Fraction.Gcd(a,b)" />
        <added pattern="Display.Display(limit)" />
        <added pattern="Item.Item(title,playingTime,gotIt,comment)" />
        <added pattern="CD.CD(title,artist,numofTracks,playingTime,comment)" />
        <added pattern="DVD.DVD(title,director,playingTime,comment)" />
      </blacklist>
      <blacklist language="Scala" />
      <blacklist language="Groovy" />
      <blacklist language="Kotlin" />
    </blacklists>
  </component>
</application>