<application>
  <component name="libraryTable">
    <library name="@types/chrome" type="javaScript">
      <CLASSES />
      <JAVADOC />
      <SOURCES />
    </library>
    <library name="Python 3.8 interpreter library">
      <CLASSES>
        <root url="file:///usr/lib/python3.8" />
        <root url="file:///usr/lib/python3.8/lib-dynload" />
        <root url="file://$USER_HOME$/.local/lib/python3.8/site-packages" />
        <root url="file:///usr/lib/python3.8/site-packages" />
        <root url="file://$USER_HOME$/.IntelliJIdea2019.3/system/python_stubs/-1247971761" />
        <root url="file://$APPLICATION_PLUGINS_DIR$/python/helpers/python-skeletons" />
        <root url="file://$APPLICATION_PLUGINS_DIR$/python/helpers/typeshed/stdlib/3" />
        <root url="file://$APPLICATION_PLUGINS_DIR$/python/helpers/typeshed/stdlib/2and3" />
        <root url="file://$APPLICATION_PLUGINS_DIR$/python/helpers/typeshed/third_party/3" />
        <root url="file://$APPLICATION_PLUGINS_DIR$/python/helpers/typeshed/third_party/2and3" />
      </CLASSES>
      <JAVADOC />
      <SOURCES>
        <root url="file:///usr/lib/python3.8" />
        <root url="file:///usr/lib/python3.8/lib-dynload" />
        <root url="file://$USER_HOME$/.local/lib/python3.8/site-packages" />
        <root url="file:///usr/lib/python3.8/site-packages" />
        <root url="file://$USER_HOME$/.IntelliJIdea2019.3/system/python_stubs/-1247971761" />
        <root url="file://$APPLICATION_PLUGINS_DIR$/python/helpers/python-skeletons" />
        <root url="file://$APPLICATION_PLUGINS_DIR$/python/helpers/typeshed/stdlib/3" />
        <root url="file://$APPLICATION_PLUGINS_DIR$/python/helpers/typeshed/stdlib/2and3" />
        <root url="file://$APPLICATION_PLUGINS_DIR$/python/helpers/typeshed/third_party/3" />
        <root url="file://$APPLICATION_PLUGINS_DIR$/python/helpers/typeshed/third_party/2and3" />
      </SOURCES>
    </library>
  </component>
</application>