<application>
  <component name="CodeInsightSettings">
    <option name="SHOW_PARAMETER_NAME_HINTS_ON_COMPLETION" value="true" />
    <option name="AUTO_POPUP_JAVADOC_INFO" value="true" />
    <option name="JAVADOC_INFO_DELAY" value="100" />
  </component>
  <component name="DefaultFont">
    <option name="FONT_SIZE" value="19" />
    <option name="FONT_FAMILY" value="MonacoB Nerd Font Mono" />
    <option name="FONT_SCALE" value="1.25" />
  </component>
  <component name="EditorSettings">
    <option name="USE_SOFT_WRAPS" value="MAIN_EDITOR:CONSOLE" />
    <option name="STRIP_TRAILING_SPACES" value="Whole" />
    <option name="IS_WHITESPACES_SHOWN" value="true" />
    <option name="KEEP_TRAILING_SPACE_ON_CARET_LINE" value="false" />
  </component>
  <component name="LiveEditOptions" chromeAutoDelay="250" chromeUpdateJSOnChanges="true" restartIfHotSwapFailed="true" useJBChromeExtension="true" />
</application>